洗衣服,适合洗衣服,不适合洗衣服,
晒衣服,适合晒衣服,不适合晒衣服,
晾衣服,适合晾衣服,不适合晾衣服,
洗衣裳,适合洗衣裳,不适合洗衣裳,
晒衣裳,适合晒衣裳,不适合晒衣裳,
晾衣裳,适合晾衣裳,不适合晾衣裳,
洗鞋,适合洗鞋,不适合洗鞋,
晾鞋,适合晾鞋,不适合晾鞋,
晒鞋,适合晒鞋,不适合晒鞋,
洗鞋子,适合洗鞋子,不适合洗鞋子,
晒鞋子,适合晒鞋子,不适合晒鞋子,
晾鞋子,适合晾鞋子,不适合晾鞋子,
洗裤子,适合洗裤子,不适合洗裤子,
晒裤子,适合晒裤子,不适合晒裤子,
晾裤子,适合晾裤子,不适合晾裤子,
洗被子,适合洗被子,不适合洗被子,
晒被子,适合晒被子,不适合晒被子,
晾被子,适合晾被子,不适合晾被子,
洗被单,适合洗被单,不适合洗被单,
晒被单,适合晒被单,不适合晒被单,
晾被单,适合晾被单,不适合晾被单,
外景,适合拍外景,不适合拍外景,
野餐,适合野餐,不适合野餐,
野炊,适合野炊,不适合野炊,
爬山,适合爬山,不适合爬山,
户外派对,适合开户外派对,不适合开户外派对,
野营,适合野营,不适合野营,
春游,适合春游,不适合春游,
踏青,适合踏青,不适合踏青,
风筝,适合放风筝,不适合放风筝,
日出,适合观赏日出,不适合观赏日出,
洗车,适合洗车,不适合洗车,
出海,适合出海,不适合出海,
钓鱼,适合钓鱼,不适合钓鱼,
露营,适合露营,不适合露营,
宿营,适合宿营,不适合宿营,
避暑,适合避暑,不适合避暑,
采风,适合采风,不适合采风,
写生,适合写生,不适合写生,
户外活动,适合进行户外活动,不适合进行户外活动,
户外烧烤,适合户外烧烤,不适合户外烧烤,
羽毛球,适合打羽毛球,不适合打羽毛球,
篮球,适合打篮球,不适合打篮球,
蓝球,适合打蓝球,不适合打蓝球,
棒球,适合打棒球,不适合打棒球,
网球,适合打网球,不适合打网球,
排球,适合打排球,不适合打排球,
橄榄球,适合打橄榄球,不适合打橄榄球,
足球,适合踢足球,不适合踢足球,
徒步,适合徒步,不适合徒步,
徒步旅行,适合徒步旅行,不适合徒步旅行,
游玩,适合游玩,不适合游玩,
郊游,适合郊游,不适合郊游,
室外运动,适合室外运动,不适合室外运动,
登山,适合登山,不适合登山,
烧烤,适合烧烤,不适合烧烤,
游湖,适合游湖,不适合游湖,
垒球,适合打垒球,不适合打垒球,
曲棍球,适合打曲棍球,不适合打曲棍球,
马球,适合打马球,不适合打马球,
板球,适合打板球,不适合打板球,
室外打球,适合室外打球,不适合室外打球,
跑步,适合跑步,不适合跑步,
散步,适合散步,不适合散步,
骑马,适合骑马,不适合骑马,
打球,适合打球,不适合打球,
开帆船,适合开帆船,不适合开帆船,
篝火晚会,适合篝火晚会,不适合篝火晚会,
遛狗,适合遛狗,不适合遛狗,
漂流,适合漂流,不适合漂流,
攀岩,适合攀岩,不适合攀岩,
热气球,适合热气球,不适合热气球,
滑草,适合滑草,不适合滑草,
冲浪,适合冲浪,不适合冲浪,
户外蹦极,适合户外蹦极,不适合户外蹦极,
户外摄影,适合户外摄影,不适合户外摄影,
跳伞,适合跳伞,不适合跳伞,
户外运动,适合户外运动,不适合户外运动,
溜达,适合溜达,不适合溜达,
广场舞,适合跳广场舞,不适合跳广场舞,
踢球,适合踢球,不适合踢球,
运动,适合运动,不适合运动,
高尔夫球,适合打高尔夫球,不适合打高尔夫球,
高尔夫,适合打高尔夫,不适合打高尔夫,
晨练,适合晨练,不适合晨练,
打太极,适合打太极,不适合打太极,
打太极拳,适合打太极拳,不适合打太极拳,
庙会,适合逛庙会,不适合逛庙会,
溜旱冰,适合溜旱冰,不适合溜旱冰,
户外卡丁车,适合玩户外卡丁车,不适合玩户外卡丁车,
出去玩,适合出去玩,不适合出去玩,
约会,适合约会,不适合约会,
逛逛,适合逛逛,不适合逛逛,
兜风,适合兜风,不适合兜风,
逛街,适合逛街,不适合逛街,
户外游泳,适合户外游泳,不适合户外游泳,
室外游泳,适合室外游泳,不适合室外游泳,
海边游泳,适合海边游泳,不适合海边游泳,
晒厚衣服,适合晒厚衣服,不适合晒厚衣服,
晒套头毛衣,适合晒套头毛衣,不适合晒套头毛衣,
晒开衫毛衣,适合晒开衫毛衣,不适合晒开衫毛衣,
晒羊毛衫,适合晒羊毛衫,不适合晒羊毛衫,
晒羊绒衫,适合晒羊绒衫,不适合晒羊绒衫,
晒卫衣绒衫,适合晒卫衣绒衫,不适合晒卫衣绒衫,
晒毛针织衫,适合晒毛针织衫,不适合晒毛针织衫,
晒秋裤,适合晒秋裤,不适合晒秋裤,
晒高领毛衣,适合晒高领毛衣,不适合晒高领毛衣,
晒毛衣,适合晒毛衣,不适合晒毛衣,
晒棉衣,适合晒棉衣,不适合晒棉衣,
晒棉服,适合晒棉服,不适合晒棉服,
晒棉袄,适合晒棉袄,不适合晒棉袄,
晒袄子,适合晒袄子,不适合晒袄子,
晒羽绒服,适合晒羽绒服,不适合晒羽绒服,
晒呢风衣,适合晒呢风衣,不适合晒呢风衣,
晒长风衣,适合晒长风衣,不适合晒长风衣,
晒毛呢外套,适合晒毛呢外套,不适合晒毛呢外套,
晒大衣,适合晒大衣,不适合晒大衣,
晒皮衣,适合晒皮衣,不适合晒皮衣,
晒机能夹克,适合晒机能夹克,不适合晒机能夹克,
晒机车夹克,适合晒机车夹克,不适合晒机车夹克,
晒裤袜,适合晒裤袜,不适合晒裤袜,
晒薄衣服,适合晒薄衣服,不适合晒薄衣服,
晒T恤,适合晒T恤,不适合晒T恤,
晒短袖,适合晒短袖,不适合晒短袖,
晒POLO衫,适合晒POLO衫,不适合晒POLO衫,
晒马甲,适合晒马甲,不适合晒马甲,
晒短裤,适合晒短裤,不适合晒短裤,
晒五分裤,适合晒五分裤,不适合晒五分裤,
晒中裤,适合晒中裤,不适合晒中裤,
晒七分裤,适合晒七分裤,不适合晒七分裤,
晒长袖,适合晒长袖,不适合晒长袖,
晒衬衫,适合晒衬衫,不适合晒衬衫,
晒短袖衬衫,适合晒短袖衬衫,不适合晒短袖衬衫,
晒长袖衬衫,适合晒长袖衬衫,不适合晒长袖衬衫,
晒九分裤,适合晒九分裤,不适合晒九分裤,
晒背带裤,适合晒背带裤,不适合晒背带裤,
晒铅笔裤,适合晒铅笔裤,不适合晒铅笔裤,
晒小脚裤,适合晒小脚裤,不适合晒小脚裤,
晒喇叭裤,适合晒喇叭裤,不适合晒喇叭裤,
晒连体裤,适合晒连体裤,不适合晒连体裤,
晒阔腿裤,适合晒阔腿裤,不适合晒阔腿裤,
晒萝卜裤,适合晒萝卜裤,不适合晒萝卜裤,
晒牛仔裤,适合晒牛仔裤,不适合晒牛仔裤,
晒长裤,适合晒长裤,不适合晒长裤,
晒连衣裙,适合晒连衣裙,不适合晒连衣裙,
晒围裹裙,适合晒围裹裙,不适合晒围裹裙,
晒蓬蓬裙,适合晒蓬蓬裙,不适合晒蓬蓬裙,
晒茶歇裙,适合晒茶歇裙,不适合晒茶歇裙,
晒雪纺裙,适合晒雪纺裙,不适合晒雪纺裙,
晒半身裙,适合晒半身裙,不适合晒半身裙,
晒直筒裙,适合晒直筒裙,不适合晒直筒裙,
晒连衣裙,适合晒连衣裙,不适合晒连衣裙,
晒百褶裙,适合晒百褶裙,不适合晒百褶裙,
晒斜裙,适合晒斜裙,不适合晒斜裙,
晒泡泡裙,适合晒泡泡裙,不适合晒泡泡裙,
晒喇叭裙,适合晒喇叭裙,不适合晒喇叭裙,
晒牛仔裙,适合晒牛仔裙,不适合晒牛仔裙,
晒鱼尾裙,适合晒鱼尾裙,不适合晒鱼尾裙,
晒背心裙,适合晒背心裙,不适合晒背心裙,
晒旗袍裙,适合晒旗袍裙,不适合晒旗袍裙,
晒缠绕裙,适合晒缠绕裙,不适合晒缠绕裙,
晒钟形裙,适合晒钟形裙,不适合晒钟形裙,
晒吊带裙,适合晒吊带裙,不适合晒吊带裙,
晒旗袍,适合晒旗袍,不适合晒旗袍,
晒裙子,适合晒裙子,不适合晒裙子,
晒短裙,适合晒短裙,不适合晒短裙,
晒超短裙,适合晒超短裙,不适合晒超短裙,
晒长裙,适合晒长裙,不适合晒长裙,
晒中裙,适合晒中裙,不适合晒中裙,
晒丝袜,适合晒丝袜,不适合晒丝袜,
晒打底裤,适合晒打底裤,不适合晒打底裤,
晒吊带衫,适合晒吊带衫,不适合晒吊带衫,
晒背心,适合晒背心,不适合晒背心,
晒棒球服,适合晒棒球服,不适合晒棒球服,
晒卫衣,适合晒卫衣,不适合晒卫衣,
晒连帽卫衣,适合晒连帽卫衣,不适合晒连帽卫衣,
晒套头卫衣,适合晒套头卫衣,不适合晒套头卫衣,
晒开衫卫衣,适合晒开衫卫衣,不适合晒开衫卫衣,
晒外套,适合晒外套,不适合晒外套,
晒牛仔外套,适合晒牛仔外套,不适合晒牛仔外套,
晒夹克,适合晒夹克,不适合晒夹克,
晒针织衫,适合晒针织衫,不适合晒针织衫,
晒套头针织衫,适合晒套头针织衫,不适合晒套头针织衫,
晒机能夹克,适合晒机能夹克,不适合晒机能夹克,
晒机车夹克,适合晒机车夹克,不适合晒机车夹克,
晒皮衣,适合晒皮衣,不适合晒皮衣,
晒工装风衣,适合晒工装风衣,不适合晒工装风衣,
晒风衣,适合晒风衣,不适合晒风衣,
晒运动服,适合晒运动服,不适合晒运动服,
晒运动衫,适合晒运动衫,不适合晒运动衫,
晒内裤,适合晒内裤,不适合晒内裤,
晒西服,适合晒西服,不适合晒西服,
晒西裤,适合晒西裤,不适合晒西裤,
晒上衣,适合晒上衣,不适合晒上衣,
晒西装,适合晒西装,不适合晒西装,
晒裤子,适合晒裤子,不适合晒裤子,
晒运动服,适合晒运动服,不适合晒运动服,
晾厚衣服,适合晾厚衣服,不适合晾厚衣服,
晾套头毛衣,适合晾套头毛衣,不适合晾套头毛衣,
晾开衫毛衣,适合晾开衫毛衣,不适合晾开衫毛衣,
晾羊毛衫,适合晾羊毛衫,不适合晾羊毛衫,
晾羊绒衫,适合晾羊绒衫,不适合晾羊绒衫,
晾卫衣绒衫,适合晾卫衣绒衫,不适合晾卫衣绒衫,
晾毛针织衫,适合晾毛针织衫,不适合晾毛针织衫,
晾秋裤,适合晾秋裤,不适合晾秋裤,
晾高领毛衣,适合晾高领毛衣,不适合晾高领毛衣,
晾毛衣,适合晾毛衣,不适合晾毛衣,
晾棉衣,适合晾棉衣,不适合晾棉衣,
晾棉服,适合晾棉服,不适合晾棉服,
晾棉袄,适合晾棉袄,不适合晾棉袄,
晾袄子,适合晾袄子,不适合晾袄子,
晾羽绒服,适合晾羽绒服,不适合晾羽绒服,
晾呢风衣,适合晾呢风衣,不适合晾呢风衣,
晾长风衣,适合晾长风衣,不适合晾长风衣,
晾毛呢外套,适合晾毛呢外套,不适合晾毛呢外套,
晾大衣,适合晾大衣,不适合晾大衣,
晾皮衣,适合晾皮衣,不适合晾皮衣,
晾机能夹克,适合晾机能夹克,不适合晾机能夹克,
晾机车夹克,适合晾机车夹克,不适合晾机车夹克,
晾裤袜,适合晾裤袜,不适合晾裤袜,
晾薄衣服,适合晾薄衣服,不适合晾薄衣服,
晾T恤,适合晾T恤,不适合晾T恤,
晾短袖,适合晾短袖,不适合晾短袖,
晾POLO衫,适合晾POLO衫,不适合晾POLO衫,
晾马甲,适合晾马甲,不适合晾马甲,
晾短裤,适合晾短裤,不适合晾短裤,
晾五分裤,适合晾五分裤,不适合晾五分裤,
晾中裤,适合晾中裤,不适合晾中裤,
晾七分裤,适合晾七分裤,不适合晾七分裤,
晾长袖,适合晾长袖,不适合晾长袖,
晾衬衫,适合晾衬衫,不适合晾衬衫,
晾短袖衬衫,适合晾短袖衬衫,不适合晾短袖衬衫,
晾长袖衬衫,适合晾长袖衬衫,不适合晾长袖衬衫,
晾九分裤,适合晾九分裤,不适合晾九分裤,
晾背带裤,适合晾背带裤,不适合晾背带裤,
晾铅笔裤,适合晾铅笔裤,不适合晾铅笔裤,
晾小脚裤,适合晾小脚裤,不适合晾小脚裤,
晾喇叭裤,适合晾喇叭裤,不适合晾喇叭裤,
晾连体裤,适合晾连体裤,不适合晾连体裤,
晾阔腿裤,适合晾阔腿裤,不适合晾阔腿裤,
晾萝卜裤,适合晾萝卜裤,不适合晾萝卜裤,
晾牛仔裤,适合晾牛仔裤,不适合晾牛仔裤,
晾长裤,适合晾长裤,不适合晾长裤,
晾连衣裙,适合晾连衣裙,不适合晾连衣裙,
晾围裹裙,适合晾围裹裙,不适合晾围裹裙,
晾蓬蓬裙,适合晾蓬蓬裙,不适合晾蓬蓬裙,
晾茶歇裙,适合晾茶歇裙,不适合晾茶歇裙,
晾雪纺裙,适合晾雪纺裙,不适合晾雪纺裙,
晾半身裙,适合晾半身裙,不适合晾半身裙,
晾直筒裙,适合晾直筒裙,不适合晾直筒裙,
晾连衣裙,适合晾连衣裙,不适合晾连衣裙,
晾百褶裙,适合晾百褶裙,不适合晾百褶裙,
晾斜裙,适合晾斜裙,不适合晾斜裙,
晾泡泡裙,适合晾泡泡裙,不适合晾泡泡裙,
晾喇叭裙,适合晾喇叭裙,不适合晾喇叭裙,
晾牛仔裙,适合晾牛仔裙,不适合晾牛仔裙,
晾鱼尾裙,适合晾鱼尾裙,不适合晾鱼尾裙,
晾背心裙,适合晾背心裙,不适合晾背心裙,
晾旗袍裙,适合晾旗袍裙,不适合晾旗袍裙,
晾缠绕裙,适合晾缠绕裙,不适合晾缠绕裙,
晾钟形裙,适合晾钟形裙,不适合晾钟形裙,
晾吊带裙,适合晾吊带裙,不适合晾吊带裙,
晾旗袍,适合晾旗袍,不适合晾旗袍,
晾裙子,适合晾裙子,不适合晾裙子,
晾短裙,适合晾短裙,不适合晾短裙,
晾超短裙,适合晾超短裙,不适合晾超短裙,
晾长裙,适合晾长裙,不适合晾长裙,
晾中裙,适合晾中裙,不适合晾中裙,
晾丝袜,适合晾丝袜,不适合晾丝袜,
晾打底裤,适合晾打底裤,不适合晾打底裤,
晾吊带衫,适合晾吊带衫,不适合晾吊带衫,
晾背心,适合晾背心,不适合晾背心,
晾棒球服,适合晾棒球服,不适合晾棒球服,
晾卫衣,适合晾卫衣,不适合晾卫衣,
晾连帽卫衣,适合晾连帽卫衣,不适合晾连帽卫衣,
晾套头卫衣,适合晾套头卫衣,不适合晾套头卫衣,
晾开衫卫衣,适合晾开衫卫衣,不适合晾开衫卫衣,
晾外套,适合晾外套,不适合晾外套,
晾牛仔外套,适合晾牛仔外套,不适合晾牛仔外套,
晾夹克,适合晾夹克,不适合晾夹克,
晾针织衫,适合晾针织衫,不适合晾针织衫,
晾套头针织衫,适合晾套头针织衫,不适合晾套头针织衫,
晾机能夹克,适合晾机能夹克,不适合晾机能夹克,
晾机车夹克,适合晾机车夹克,不适合晾机车夹克,
晾皮衣,适合晾皮衣,不适合晾皮衣,
晾工装风衣,适合晾工装风衣,不适合晾工装风衣,
晾风衣,适合晾风衣,不适合晾风衣,
晾运动服,适合晾运动服,不适合晾运动服,
晾运动衫,适合晾运动衫,不适合晾运动衫,
晾内裤,适合晾内裤,不适合晾内裤,
晾西服,适合晾西服,不适合晾西服,
晾西裤,适合晾西裤,不适合晾西裤,
晾上衣,适合晾上衣,不适合晾上衣,
晾西装,适合晾西装,不适合晾西装,
晾裤子,适合晾裤子,不适合晾裤子,
晾运动服,适合晾运动服,不适合晾运动服,
洗厚衣服,适合洗厚衣服,不适合洗厚衣服,
洗套头毛衣,适合洗套头毛衣,不适合洗套头毛衣,
洗开衫毛衣,适合洗开衫毛衣,不适合洗开衫毛衣,
洗羊毛衫,适合洗羊毛衫,不适合洗羊毛衫,
洗羊绒衫,适合洗羊绒衫,不适合洗羊绒衫,
洗卫衣绒衫,适合洗卫衣绒衫,不适合洗卫衣绒衫,
洗毛针织衫,适合洗毛针织衫,不适合洗毛针织衫,
洗秋裤,适合洗秋裤,不适合洗秋裤,
洗高领毛衣,适合洗高领毛衣,不适合洗高领毛衣,
洗毛衣,适合洗毛衣,不适合洗毛衣,
洗棉衣,适合洗棉衣,不适合洗棉衣,
洗棉服,适合洗棉服,不适合洗棉服,
洗棉袄,适合洗棉袄,不适合洗棉袄,
洗袄子,适合洗袄子,不适合洗袄子,
洗羽绒服,适合洗羽绒服,不适合洗羽绒服,
洗呢风衣,适合洗呢风衣,不适合洗呢风衣,
洗长风衣,适合洗长风衣,不适合洗长风衣,
洗毛呢外套,适合洗毛呢外套,不适合洗毛呢外套,
洗大衣,适合洗大衣,不适合洗大衣,
洗皮衣,适合洗皮衣,不适合洗皮衣,
洗机能夹克,适合洗机能夹克,不适合洗机能夹克,
洗机车夹克,适合洗机车夹克,不适合洗机车夹克,
洗裤袜,适合洗裤袜,不适合洗裤袜,
洗薄衣服,适合洗薄衣服,不适合洗薄衣服,
洗T恤,适合洗T恤,不适合洗T恤,
洗短袖,适合洗短袖,不适合洗短袖,
洗POLO衫,适合洗POLO衫,不适合洗POLO衫,
洗马甲,适合洗马甲,不适合洗马甲,
洗短裤,适合洗短裤,不适合洗短裤,
洗五分裤,适合洗五分裤,不适合洗五分裤,
洗中裤,适合洗中裤,不适合洗中裤,
洗七分裤,适合洗七分裤,不适合洗七分裤,
洗长袖,适合洗长袖,不适合洗长袖,
洗衬衫,适合洗衬衫,不适合洗衬衫,
洗短袖衬衫,适合洗短袖衬衫,不适合洗短袖衬衫,
洗长袖衬衫,适合洗长袖衬衫,不适合洗长袖衬衫,
洗九分裤,适合洗九分裤,不适合洗九分裤,
洗背带裤,适合洗背带裤,不适合洗背带裤,
洗铅笔裤,适合洗铅笔裤,不适合洗铅笔裤,
洗小脚裤,适合洗小脚裤,不适合洗小脚裤,
洗喇叭裤,适合洗喇叭裤,不适合洗喇叭裤,
洗连体裤,适合洗连体裤,不适合洗连体裤,
洗阔腿裤,适合洗阔腿裤,不适合洗阔腿裤,
洗萝卜裤,适合洗萝卜裤,不适合洗萝卜裤,
洗牛仔裤,适合洗牛仔裤,不适合洗牛仔裤,
洗长裤,适合洗长裤,不适合洗长裤,
洗连衣裙,适合洗连衣裙,不适合洗连衣裙,
洗围裹裙,适合洗围裹裙,不适合洗围裹裙,
洗蓬蓬裙,适合洗蓬蓬裙,不适合洗蓬蓬裙,
洗茶歇裙,适合洗茶歇裙,不适合洗茶歇裙,
洗雪纺裙,适合洗雪纺裙,不适合洗雪纺裙,
洗半身裙,适合洗半身裙,不适合洗半身裙,
洗直筒裙,适合洗直筒裙,不适合洗直筒裙,
洗连衣裙,适合洗连衣裙,不适合洗连衣裙,
洗百褶裙,适合洗百褶裙,不适合洗百褶裙,
洗斜裙,适合洗斜裙,不适合洗斜裙,
洗泡泡裙,适合洗泡泡裙,不适合洗泡泡裙,
洗喇叭裙,适合洗喇叭裙,不适合洗喇叭裙,
洗牛仔裙,适合洗牛仔裙,不适合洗牛仔裙,
洗鱼尾裙,适合洗鱼尾裙,不适合洗鱼尾裙,
洗背心裙,适合洗背心裙,不适合洗背心裙,
洗旗袍裙,适合洗旗袍裙,不适合洗旗袍裙,
洗缠绕裙,适合洗缠绕裙,不适合洗缠绕裙,
洗钟形裙,适合洗钟形裙,不适合洗钟形裙,
洗吊带裙,适合洗吊带裙,不适合洗吊带裙,
洗旗袍,适合洗旗袍,不适合洗旗袍,
洗裙子,适合洗裙子,不适合洗裙子,
洗短裙,适合洗短裙,不适合洗短裙,
洗超短裙,适合洗超短裙,不适合洗超短裙,
洗长裙,适合洗长裙,不适合洗长裙,
洗中裙,适合洗中裙,不适合洗中裙,
洗丝袜,适合洗丝袜,不适合洗丝袜,
洗打底裤,适合洗打底裤,不适合洗打底裤,
洗吊带衫,适合洗吊带衫,不适合洗吊带衫,
洗背心,适合洗背心,不适合洗背心,
洗棒球服,适合洗棒球服,不适合洗棒球服,
洗卫衣,适合洗卫衣,不适合洗卫衣,
洗连帽卫衣,适合洗连帽卫衣,不适合洗连帽卫衣,
洗套头卫衣,适合洗套头卫衣,不适合洗套头卫衣,
洗开衫卫衣,适合洗开衫卫衣,不适合洗开衫卫衣,
洗外套,适合洗外套,不适合洗外套,
洗牛仔外套,适合洗牛仔外套,不适合洗牛仔外套,
洗夹克,适合洗夹克,不适合洗夹克,
洗针织衫,适合洗针织衫,不适合洗针织衫,
洗套头针织衫,适合洗套头针织衫,不适合洗套头针织衫,
洗机能夹克,适合洗机能夹克,不适合洗机能夹克,
洗机车夹克,适合洗机车夹克,不适合洗机车夹克,
洗皮衣,适合洗皮衣,不适合洗皮衣,
洗工装风衣,适合洗工装风衣,不适合洗工装风衣,
洗风衣,适合洗风衣,不适合洗风衣,
洗运动服,适合洗运动服,不适合洗运动服,
洗运动衫,适合洗运动衫,不适合洗运动衫,
洗内裤,适合洗内裤,不适合洗内裤,
洗西服,适合洗西服,不适合洗西服,
洗西裤,适合洗西裤,不适合洗西裤,
洗上衣,适合洗上衣,不适合洗上衣,
洗西装,适合洗西装,不适合洗西装,
洗裤子,适合洗裤子,不适合洗裤子,
洗运动服,适合洗运动服,不适合洗运动服,
沙滩排球,适合打沙滩排球,不适合打沙滩排球,
旅游,适合旅游,不适合旅游,
旅行,适合旅行,不适合旅行,
出门,适合出门,不适合出门,
高速,适合开高速,不适合开高速,
外出,适合外出,不适合外出,
出趟门,适合出趟门,不适合出趟门,
出行,适合出行,不适合出行,
转转,适合转转,不适合转转,
出游,适合出游,不适合出游,
跑长途,适合跑长途,不适合跑长途,
看雪,适合看雪,不适合看雪,
玩雪,适合玩雪,不适合玩雪,
滑雪,适合滑雪,不适合滑雪,
堆雪人,适合堆雪人,不适合堆雪人,
打雪仗,适合打雪仗,不适合打雪仗,
晒太阳,适合晒太阳,不适合晒太阳,
上班,不适合上班,不适合上班,
围巾,适合戴围巾,不适合戴围巾,
厚衣服,适合穿厚衣服,不适合穿厚衣服,
厚衣,适合穿厚衣,不适合穿厚衣,
套头毛衣,适合穿套头毛衣,不适合穿套头毛衣,
开衫毛衣,适合穿开衫毛衣,不适合穿开衫毛衣,
羊毛衫,适合穿羊毛衫,不适合穿羊毛衫,
羊绒衫,适合穿羊绒衫,不适合穿羊绒衫,
卫衣绒衫,适合穿卫衣绒衫,不适合穿卫衣绒衫,
毛针织衫,适合穿毛针织衫,不适合穿毛针织衫,
秋裤,适合穿秋裤,不适合穿秋裤,
高领毛衣,适合穿高领毛衣,不适合穿高领毛衣,
毛衣,适合穿毛衣,不适合穿毛衣,
棉衣,适合穿棉衣,不适合穿棉衣,
棉服,适合穿棉服,不适合穿棉服,
棉袄,适合穿棉袄,不适合穿棉袄,
袄子,适合穿袄子,不适合穿袄子,
羽绒服,适合穿羽绒服,不适合穿羽绒服,
风衣,适合穿风衣,不适合穿风衣,
呢风衣,适合穿呢风衣,不适合穿呢风衣,
长风衣,适合穿长风衣,不适合穿长风衣,
毛呢外套,适合穿毛呢外套,不适合穿毛呢外套,
工装风衣,适合穿工装风衣,不适合穿工装风衣,
大衣,适合穿大衣,不适合穿大衣,
皮衣,适合穿皮衣,不适合穿皮衣,
机能夹克,适合穿机能夹克,不适合穿机能夹克,
机车夹克,适合穿机车夹克,不适合穿机车夹克,
裤袜,适合穿裤袜,不适合穿裤袜,
薄衣服,适合穿薄衣服,不适合穿薄衣服,
薄衣,适合穿薄衣,不适合穿薄衣,
T恤,适合穿T恤,不适合穿T恤,
短袖,适合穿短袖,不适合穿短袖,
POLO衫,适合穿POLO衫,不适合穿POLO衫,
马甲,适合穿马甲,不适合穿马甲,
短裤,适合穿短裤,不适合穿短裤,
五分裤,适合穿五分裤,不适合穿五分裤,
七分裤,适合穿七分裤,不适合穿七分裤,
长袖,适合穿长袖,不适合穿长袖,
寸衫,适合穿寸衫,不适合穿寸衫,
衬衫,适合穿衬衫,不适合穿衬衫,
短袖衬衫,适合穿短袖衬衫,不适合穿短袖衬衫,
长袖衬衫,适合穿长袖衬衫,不适合穿长袖衬衫,
九分裤,适合穿九分裤,不适合穿九分裤,
背带裤,适合穿背带裤,不适合穿背带裤,
铅笔裤,适合穿铅笔裤,不适合穿铅笔裤,
小脚裤,适合穿小脚裤,不适合穿小脚裤,
喇叭裤,适合穿喇叭裤,不适合穿喇叭裤,
连体裤,适合穿连体裤,不适合穿连体裤,
阔腿裤,适合穿阔腿裤,不适合穿阔腿裤,
萝卜裤,适合穿萝卜裤,不适合穿萝卜裤,
牛仔裤,适合穿牛仔裤,不适合穿牛仔裤,
长裤,适合穿长裤,不适合穿长裤,
连衣裙,适合穿连衣裙,不适合穿连衣裙,
围裹裙,适合穿围裹裙,不适合穿围裹裙,
蓬蓬裙,适合穿蓬蓬裙,不适合穿蓬蓬裙,
茶歇裙,适合穿茶歇裙,不适合穿茶歇裙,
雪纺裙,适合穿雪纺裙,不适合穿雪纺裙,
半身裙,适合穿半身裙,不适合穿半身裙,
直筒裙,适合穿直筒裙,不适合穿直筒裙,
百褶裙,适合穿百褶裙,不适合穿百褶裙,
斜裙,适合穿斜裙,不适合穿斜裙,
泡泡裙,适合穿泡泡裙,不适合穿泡泡裙,
喇叭裙,适合穿喇叭裙,不适合穿喇叭裙,
牛仔裙,适合穿牛仔裙,不适合穿牛仔裙,
鱼尾裙,适合穿鱼尾裙,不适合穿鱼尾裙,
背心裙,适合穿背心裙,不适合穿背心裙,
旗袍裙,适合穿旗袍裙,不适合穿旗袍裙,
缠绕裙,适合穿缠绕裙,不适合穿缠绕裙,
钟形裙,适合穿钟形裙,不适合穿钟形裙,
吊带裙,适合穿吊带裙,不适合穿吊带裙,
旗袍,适合穿旗袍,不适合穿旗袍,
裙子,适合穿裙子,不适合穿裙子,
短裙,适合穿短裙,不适合穿短裙,
超短裙,适合穿超短裙,不适合穿超短裙,
长裙,适合穿长裙,不适合穿长裙,
中裙,适合穿中裙,不适合穿中裙,
丝袜,适合穿丝袜,不适合穿丝袜,
打底裤,适合穿打底裤,不适合穿打底裤,
吊带衫,适合穿吊带衫,不适合穿吊带衫,
背心,适合穿背心,不适合穿背心,
袜子,适合穿袜子,不适合穿袜子,
凉鞋,适合穿凉鞋,不适合穿凉鞋,
棒球服,适合穿棒球服,不适合穿棒球服,
卫衣,适合穿卫衣,不适合穿卫衣,
连帽卫衣,适合穿连帽卫衣,不适合穿连帽卫衣,
套头卫衣,适合穿套头卫衣,不适合穿套头卫衣,
开衫卫衣,适合穿开衫卫衣,不适合穿开衫卫衣,
外套,适合穿外套,不适合穿外套,
牛仔外套,适合穿牛仔外套,不适合穿牛仔外套,
夹克,适合穿夹克,不适合穿夹克,
靴子,适合穿靴子,不适合穿靴子,
针织衫,适合穿针织衫,不适合穿针织衫,
套头针织衫,适合穿套头针织衫,不适合穿套头针织衫,
中裤,适合穿中裤,不适合穿中裤,
伞,适合带伞,不适合带伞,
雨伞,适合带雨伞,不适合带雨伞,
雨鞋,适合穿雨鞋,不适合穿雨鞋,
雨披,适合穿雨披,不适合穿雨披,
雨衣,适合穿雨衣,不适合穿雨衣,
遮阳伞,适合带遮阳伞,不适合带遮阳伞,
太阳伞,适合带太阳伞,不适合带太阳伞,
防晒伞,适合带防晒伞,不适合带防晒伞,
防晒霜,适合涂防晒霜,不适合涂防晒霜,
防晒帽,适合戴防晒帽,不适合戴防晒帽,
防晒衣,适合穿防晒衣,不适合穿防晒衣,
防晒服,适合穿防晒服,不适合穿防晒服,
防晒用品,需要防晒用品,不需要防晒用品,
防晒装备,适合带防晒装备,不适合带防晒装备,
太阳镜,适合戴太阳镜,不适合戴太阳镜,
防晒,需要注意防晒,不需要注意防晒,
墨镜,适合戴墨镜,不适合戴墨镜,
衣绒衫,适合穿衣绒衫,不适合穿衣绒衫,
裤袜打底裤,适合穿裤袜打底裤,不适合穿裤袜打底裤,
裤袜长袖,适合穿裤袜长袖,不适合穿裤袜长袖,
帽子,适合戴帽子,不适合戴帽子,
毛袜,适合穿毛袜,不适合穿毛袜,
比基尼,适合穿比基尼,不适合穿比基尼,
呢大衣,适合穿呢大衣,不适合穿呢大衣,
半袖,适合穿半袖,不适合穿半袖,
礼服,适合穿礼服,不适合穿礼服,
羊绒,适合穿羊绒,不适合穿羊绒,
棉鞋,适合穿棉鞋,不适合穿棉鞋,
棉裤,适合穿棉裤,不适合穿棉裤,
棉毛裤,适合穿棉毛裤,不适合穿棉毛裤,
雪地靴,适合穿雪地靴,不适合穿雪地靴,
紫外线,需要防紫外线,不需要防紫外线,
毛线衣,适合穿毛线衣,不适合穿毛线衣,
保暖内衣,适合穿保暖内衣,不适合穿保暖内衣,
秋衣,适合穿秋衣,不适合穿秋衣,
手套,适合戴手套,不适合戴手套,
厚外套,适合穿厚外套,不适合穿厚外套,
厚裤子,适合穿厚裤子,不适合穿厚裤子,
薄外套,适合穿薄外套,不适合穿薄外套,
棉毛衫,适合穿棉毛衫,不适合穿棉毛衫,
皮鞋,适合穿皮鞋,不适合穿皮鞋,
球鞋,适合穿球鞋,不适合穿球鞋,
短风衣,适合穿短风衣,不适合穿短风衣,
蝙蝠衫,适合穿蝙蝠衫,不适合穿蝙蝠衫,
t恤,适合穿t恤,不适合穿t恤,
Polo衫,适合穿Polo衫,不适合穿Polo衫,
polo衫,适合穿polo衫,不适合穿polo衫,
乌毡帽,适合戴乌毡帽,适合戴乌毡帽,
斗笠,适合戴斗笠,适合戴斗笠,
蓑衣,适合穿蓑衣,适合穿蓑衣,
草帽,适合戴草帽,适合戴草帽,
口罩,适合戴口罩,适合戴口罩,
运动服,适合穿运动服,适合穿运动服,
运动衫,适合穿运动衫,适合穿运动衫,
运动衣,适合穿运动衣,适合穿运动衣,
运动裤,适合穿运动裤,适合穿运动裤,
内裤,适合穿内裤,适合穿内裤,
西服,适合穿西服,适合穿西服,
西裤,适合穿西裤,适合穿西裤,
上衣,适合穿上衣,适合穿上衣,
西装,适合穿西装,适合穿西装,
裤子,适合穿裤子,适合穿裤子,
鞋子,适合穿鞋子,适合穿鞋子,
衣服,适合穿衣服,适合穿衣服,
